input_id,input_name,input_path,input_full_path,match_id,match_name,match_path,match_full_path,confidence,reasoning,method
1380,Електрика | Освітлення,,Ущільнювачі > Електрика | Освітлення,10303,Лампи та покажчики,,Мотоцикли та квадроцикли > Електрика та освітлення > Лампи та покажчики,0.7,Часткове семантичне співпадіння в електричній та світловій тематиці,semantic
1381,Карбюратор,,Ущільнювачі > Карбюратор,10401,Повітряні фільтри,,Мотоцикли та квадроцикли > Фільтри та олії > Повітряні фільтри,0.9,Точне семантичне співпадіння для карбюраторів,semantic
1383,Кузов | Підвіска | Рама,,Ущільнювачі > Кузов | Підвіска | Рама,10601,Танк-педи,,Мотоцикли та квадроцикли > Наклейки та графіка > Танк-педи,0.6,Часткове семантичне співпадіння в контексті підвіски,semantic
1427,Наклейки,,Ущільнювачі > Наклейки,10601,Танк-педи,,Мотоцикли та квадроцикли > Наклейки та графіка > Танк-педи,0.8,Точне семантичне співпадіння для наклейок,semantic
1385,Двигун,,Ущільнювачі > Двигун,1010105,Прокладки двигуна,,Мотоцикли та квадроцикли > Частини для мотоциклів > Двигун і трансмісія > Прокладки двигуна,0.7,Часткове семантичне співпадіння в контексті двигуна,semantic
1387,Привідна система,,Ущільнювачі > Привідна система,1010301,Ланцюги приводу,,Мотоцикли та квадроцикли > Частини для мотоциклів > Трансмісія та привід > Ланцюги приводу,0.8,Точне семантичне співпадіння для привідної системи,semantic
1388,Система випуску,,Ущільнювачі > Система випуску,1010501,Глушники,,Мотоцикли та квадроцикли > Частини для мотоциклів > Вихлопна система > Глушники,0.9,Точне семантичне співпадіння для системи випуску,semantic
1382,Посилання,,Ущільнювачі > Посилання,Не знайдено,Не найдено,,Не найдено,0.1,Неоднозначна категорія без чіткого технічного призначення,unmatched
1386,Тюнінг,,Ущільнювачі > Тюнінг,Не знайдено,Не найдено,,Не найдено,0.2,Занадто широка та неспецифічна категорія,unmatched
